Knowledge_Unit_Id,Name,Default_Tier1_Hours,Alternative_Tier1_Hours,Default_Tier2_Hours,Alternative_Tier2_Hours,Default_Electives,Alternative_Electives,Distributed
,AL/Basic Analysis,2,0,2,0,N,N,N
,AL/Algorithmic Strategies,5,0,1,0,N,N,N
,AL/Fundamental Data Structures and Algorithms,9,0,3,0,N,N,N
,"AL/Basic Automata, Computability and Complexity",3,0,3,0,N,N,N
,AL/Advanced Computational Complexity,0,0,0,0,Y,N,N
,AL/Advanced Automata Theory and Computability,0,0,0,0,Y,N,N
,"AL/Advanced Data Structures, Algorithms, and Analysis",0,0,0,0,Y,N,N
,AR/Digital Logic and Digital Systems,0,0,3,0,N,N,N
,AR/Machine Level Representation of Data,0,0,3,0,N,N,N
,AR/Assembly Level Machine Organization,0,0,6,0,N,N,N
,AR/Memory System Organization and Architecture,0,0,3,0,N,N,N
,AR/Interfacing and Communication,0,0,1,0,N,N,N
,AR/Functional Organization,0,0,0,0,Y,N,N
,AR/Multiprocessing and Alternative Architectures,0,0,0,0,Y,N,N
,AR/Performance Enhancements,0,0,0,0,Y,N,N
,CN/Introduction to Modeling and Simulation,1,0,0,0,N,N,N
,CN/Modeling and Simulation,0,0,0,0,Y,N,N
,CN/Processing,0,0,0,0,Y,N,N
,CN/Interactive Visualization,0,0,0,0,Y,N,N
,"CN/Data, Information, and Knowledge",0,0,0,0,Y,N,N
,CN/Numerical Analysis,0,0,0,0,Y,N,N
,"DS/Sets, Relations, and Functions",4,0,0,0,N,N,N
,DS/Basic Logic,9,0,0,0,N,N,N
,DS/Proof Techniques,10,0,1,0,N,N,N
,DS/Basics of Counting,5,0,0,0,N,N,N
,DS/Graphs and Trees,3,0,1,0,N,N,N
,DS/Discrete Probability,6,0,2,0,N,N,N
,GV/Fundamental Concepts,2,0,1,0,Y,N,N
,GV/Basic Rendering,0,0,0,0,Y,N,N
,GV/Geometric Modeling,0,0,0,0,Y,N,N
,GV/Advanced Rendering,0,0,0,0,Y,N,N
,GV/Computer Animation,0,0,0,0,Y,N,N
,GV/Visualization,0,0,0,0,Y,N,N
,HCI/Foundations,4,0,0,0,N,N,N
,HCI/Designing Interaction,0,0,4,0,N,N,N
,HCI/Programming Interactive Systems,0,0,0,0,Y,N,N
,HCI/User-Centered Design & Testing,0,0,0,0,Y,N,N
,HCI/New Interactive Technologies,0,0,0,0,Y,N,N
,HCI/Collaboration & Communication,0,0,0,0,Y,N,N
,HCI/Statistical Methods for HCI,0,0,0,0,Y,N,N
,HCI/Human Factors & Security,0,0,0,0,Y,N,N
,HCI/Design-Oriented HCI,0,0,0,0,Y,N,N
,"HCI/Mixed, Augmented and Virtual Reality",0,0,0,0,Y,N,N
,IAS/Foundational Concepts in Security,1,0,0,0,N,N,N
,IAS/Principles of Secure Design,1,0,1,0,N,N,N
,IAS/Defensive Programming,1,0,1,0,Y,N,N
,IAS/Threats and Attacks,0,0,1,0,N,N,N
,IAS/Network Security,0,0,2,0,Y,N,N
,IAS/Cryptography,0,0,1,0,N,N,N
,IAS/Web Security,0,0,0,0,Y,N,N
,IAS/Platform Security,0,0,0,0,Y,N,N
,IAS/Security Policy and Governance,0,0,0,0,Y,N,N
,IAS/Digital Forensics,0,0,0,0,Y,N,N
,IAS/Secure Software Engineering,0,0,0,0,Y,N,N
,AR/Assembly Level Machine Organization,0,0,0,1,N,N,Y
,AR/Memory System Organization and Architecture,0,0,0,0.5,N,N,Y
,AR/Multiprocessing and Alternative Architectures,0,0,0,0,N,Y,Y
,HCI/Foundations,0,1,0,0,N,N,Y
,HCI/Human Factors and Security,0,0,0,0,N,Y,Y
,IM/Information Management Concepts,0,0.5,0,0.5,N,N,Y
,IM/Transaction Processing,0,0,0,0,N,Y,Y
,IM/Distributed Databases,0,0,0,0,N,Y,Y
,IS/Reasoning Under Uncertainty,0,0,0,0,N,Y,Y
,NC/Introduction,0,1,0,0,N,N,Y
,NC/Networked Applications,0,0.5,0,0,N,N,Y
,NC/Reliable Data Delivery,0,0,0,1.5,N,N,Y
,NC/Routing and Forwarding,0,0,0,1,N,N,Y
,NC/Local Area Networks,0,0,0,1,N,N,Y
,NC/Resource Allocation,0,0,0,0.5,N,N,Y
,NC/Mobility,0,0,0,1,N,N,Y
,OS/Overview of OS,0,2,0,0,N,N,Y
,OS/OS Principles,0,1,0,0,N,N,Y
,OS/Concurrency,0,0,0,1.5,N,N,Y
,OS/Scheduling and Dispatch,0,0,0,2,N,N,Y
,OS/Memory Management,0,0,0,2,N,N,Y
,OS/Security and Protection,0,0,0,2,N,N,Y
,OS/Virtual Machines,0,0,0,0,N,Y,Y
,OS/Device Management,0,0,0,0,N,Y,Y
,OS/File Systems,,0,0,0,N,Y,Y
,OS/Real Time and Embedded Systems,0,0,0,0,N,Y,Y
,OS/Fault Tolerance,0,0,0,0,N,Y,Y
,OS/System Performance Evaluation,,0,0,0,N,Y,Y
,PBD/Web Platforms,0,0,0,0,N,Y,Y
,PBD/Mobile Platforms,0,0,0,0,N,Y,Y
,PBD/Industrial Platforms,0,0,0,0,N,Y,Y
,PD/Parallelism Fundamentals,0,1,0,0,N,N,Y
,PD/Parallel Decomposition,0,0.5,0,0,N,N,Y
,PD/Communication and Coordination,0,1,0,1,N,Y,Y
,PD/Parallel Architecture,0,0.5,0,0,N,Y,Y
,PD/Distributed Systems,0,0,0,0,N,Y,Y
,PD/Cloud Computing,0,0,0,0,N,Y,Y
,PL/Object-Oriented Programming,0,1,0,3,N,N,Y
,PL/Functional Programming,0,1,0,0,N,N,Y
,PL/Basic Type Systems,0,0.5,0,2,N,N,Y
,PL/Language Translation and Execution,0,0,0,1,N,N,Y
,PL/Runtime Systems,0,0,0,0,N,Y,Y
,PL/Static Analysis,0,0,0,0,N,Y,Y
,PL/Concurrency and Parallelism,0,0,0,0,N,Y,Y
,PL/Type Systems,0,0,0,0,N,Y,Y
,SDF/Fundamental Programming Concepts,0,1,0,0,N,N,Y
,SDF/Development Methods,0,8,0,0,N,N,Y
,SE/Software Processes,0,1,0,0,N,N,Y
,SE/Software Project Management,0,0,0,1,N,Y,Y
,SE/Tools and Environments,0,0,0,1,N,N,Y
,SE/Software Construction,0,0,0,2,N,Y,Y
,SE/Software Verification and Validation,0,0,0,1,N,Y,Y
,SE/Software Evolution,0,0,0,1.5,N,N,Y
,SE/Software Reliability,0,1,0,0,N,N,Y
,SF/Cross-Layer Communications,0,3,0,0,N,N,Y
,SF/Parallelism,0,1,0,0,N,N,Y
,SF/Resource Allocation and Scheduling,0,0.5,0,0,N,N,Y
,SF/Virtualization and Isolation,0,0,0,1,N,N,Y
,SF/Reliability through Redundancy,0,0,0,2,N,N,Y
,SP/Social Context,0,0.5,0,0,N,N,Y
,SP/Analytical Tools,0,1,0,0,N,N,Y
,SP/Professional Ethics,0,1,0,0.5,N,N,Y
,SP/Intellectual Property,0,2,0,0,N,Y,Y
,SP/Privacy and Civil Liberties,0,0.5,0,0,N,N,Y
,"SP/Security Policies, Laws and Computer Crimes",0,0,0,0,N,Y,Y
,IM/Information Management Concepts,1,0,2,0,N,N,N
,IM/Database Systems,0,0,3,0,Y,N,N
,IM/Data Modeling,0,0,4,0,N,N,N
,IM/Indexing,0,0,0,0,Y,N,N
,IM/Relational Databases,0,0,0,0,Y,N,N
,IM/Query Languages,0,0,0,0,Y,N,N
,IM/Transaction Processing,0,0,0,0,Y,N,N
,IM/Distributed Databases,0,0,0,0,Y,N,N
,IM/Physical Database Design,0,0,0,0,Y,N,N
,IM/Data Mining,0,0,0,0,Y,N,N
,IM/Information Storage And Retrieval,0,0,0,0,Y,N,N
,IM/MultiMedia Systems,0,0,0,0,Y,N,N
,IAS/Fundamental Concepts,0,1,0,2,N,N,Y
,IS/Fundamental Issues,0,0,1,0,Y,N,N
,IS/Basic Search Strategies,0,0,4,0,N,N,N
,IS/Basic Knowledge Representation and Reasoning,0,0,3,0,N,N,N
,IS/Basic Machine Learning,0,0,2,0,N,N,N
,IS/Advanced Search,0,0,0,0,Y,N,N
,IS/Advanced Representation and Reasoning,0,0,0,0,Y,N,N
,IS/Reasoning Under Uncertainty,0,0,0,0,Y,N,N
,IS/Agents,0,0,0,0,Y,N,N
,IS/Natural Language Processing,0,0,0,0,Y,N,N
,IS/Advanced Machine Learning,0,0,0,0,Y,N,N
,IS/Robotics,0,0,0,0,Y,N,N
,IS/Perception and Computer Vision,0,0,0,0,Y,N,N
,NC/Introduction,1.5,0,0,0,N,N,N
,NC/Networked Applications,1.5,0,0,0,N,N,N
,NC/Reliable Data Delivery,0,0,2,0,N,N,N
,NC/Routing And Forwarding,0,0,1.5,0,N,N,N
,NC/Local Area Networks,0,0,1.5,0,N,N,N
,NC/Resource Allocation,0,0,1,0,N,N,N
,NC/Mobility,0,0,1,0,N,N,N
,NC/Social Networking,0,0,0,0,Y,N,N
,OS/Overview of Operating Systems,2,0,0,0,N,N,N
,OS/Operating System Principles,2,0,0,0,N,N,N
,OS/Concurrency,0,0,3,0,N,N,N
,OS/Scheduling and Dispatch,0,0,3,0,N,N,N
,OS/Memory Management,0,0,3,0,N,N,N
,OS/Security and Protection,0,0,2,0,N,N,N
,OS/Virtual Machines,0,0,0,0,Y,N,N
,OS/Device Management,0,0,0,0,Y,N,N
,OS/File Systems,0,0,0,0,Y,N,N
,OS/Real Time and Embedded Systems,0,0,0,0,Y,N,N
,OS/Fault Tolerance,0,0,0,0,Y,N,N
,OS/System Performance Evaluation,0,0,0,0,Y,N,N
,PBD/Introduction,0,0,0,0,Y,N,N
,PBD/Web Platforms,0,0,0,0,Y,N,N
,PBD/Mobile Platforms,0,0,0,0,Y,N,N
,PBD/Industrial Platforms,0,0,0,0,Y,N,N
,PBD/Game Platforms,0,0,0,0,Y,N,N
,PD/Parallelism Fundamentals,2,0,0,0,N,N,N
,PD/Parallel Decomposition,1,0,3,0,N,N,N
,PD/Communication and Coordination,1,0,3,0,Y,N,N
,"PD/Parallel Algorithms, Analysis, and Programming",0,0,3,0,Y,N,N
,PD/Parallel Architecture,1,0,1,0,Y,N,N
,PD/Parallel Performance,0,0,0,0,Y,N,N
,PD/Distributed Systems,0,0,0,0,Y,N,N
,PD/Cloud Computing,0,0,0,0,Y,N,N
,PD/Formal Models and Semantics,0,0,0,0,Y,N,N
,PL/Object-Oriented Programming,4,0,6,0,N,N,N
,PL/Functional Programming,3,0,4,0,N,N,N
,PL/Event-Driven and Reactive Programming,0,0,2,0,N,N,N
,PL/Basic Type Systems,1,0,4,0,N,N,N
,PL/Program Representation,0,0,1,0,N,N,N
,PL/Language Translation and Execution,0,0,3,0,N,N,N
,PL/Syntax Analysis,0,0,0,0,Y,N,N
,PL/Compiler Semantic Analysis,0,0,0,0,Y,N,N
,PL/Code Generation,0,0,0,0,Y,N,N
,PL/Runtime Systems,0,0,0,0,Y,N,N
,PL/Static Analysis,0,0,0,0,Y,N,N
,PL/Advanced Programming Constructs,0,0,0,0,Y,N,N
,PL/Concurrency and Parallelism,0,0,0,0,Y,N,N
,PL/Type Systems,0,0,0,0,Y,N,N
,PL/Formal Semantics,0,0,0,0,Y,N,N
,PL/Language Pragmatics,0,0,0,0,Y,N,N
,PL/Logic Programming,0,0,0,0,Y,N,N
,SDF/Algorithms and Design,11,0,0,0,N,N,N
,SDF/Fundamental Programming Concepts,10,0,0,0,N,N,N
,SDF/Fundamental Data Structures,12,0,0,0,N,N,N
,SDF/Development Methods,10,0,0,0,N,N,N
,SE/Software Processes,2,0,1,0,Y,N,N
,SE/Software Project Management,0,0,2,0,Y,N,N
,SE/Tools and Environments,0,0,2,0,N,N,N
,SE/Requirements Engineering,1,0,3,0,Y,N,N
,SE/Software Design,3,0,5,0,Y,N,N
,SE/Software Construction,0,0,2,0,Y,N,N
,SE/Software Verification and Validation,0,0,4,0,Y,N,N
,SE/Software Evolution,0,0,2,0,Y,N,N
,SE/Software Reliability,0,0,1,0,Y,N,N
,SE/Formal Methods,0,0,0,0,Y,N,N
,SF/Computational Paradigms,3,0,0,0,N,N,N
,SF/Cross-Layer Communications,3,0,0,0,N,N,N
,SF/State and State Machines,6,0,0,0,N,N,N
,SF/Parallelism,3,0,0,0,N,N,N
,SF/Evaluation,3,0,0,0,N,N,N
,SF/Resource Allocation and Scheduling,0,0,2,0,N,N,N
,SF/Proximity,0,0,3,0,N,N,N
,SF/Virtualization and Isolation,0,0,2,0,N,N,N
,SF/Reliability through Redundancy,0,0,2,0,N,N,N
,SF/Quantitative Evaluation,0,0,0,0,Y,N,N
,SP/Social Context,1,0,2,0,N,N,N
,SP/Analytical Tools,2,0,0,0,N,N,N
,SP/Professional Ethics,2,0,2,0,N,N,N
,SP/Intellectual Property,2,0,0,0,Y,N,N
,SP/Privacy and Civil Liberties,2,0,0,0,Y,N,N
,SP/Professional Communication,1,0,0,0,Y,N,N
,SP/Sustainability,1,0,1,0,Y,N,N
,SP/History,0,0,0,0,Y,N,N
,SP/Economies of Computing,0,0,0,0,Y,N,N
,"SP/Security Policies, Laws and Computer Crimes",0,0,0,0,Y,N,N